Keyword,Category,Search Intent,Competition,Estimated Value / Priority,Target URL / Page
custom pwa development for small business,PWA Development,Commercial / Transactional,Low,High,/services/pwa-development
ai integration consulting services,AI Consulting,Commercial / B2B,Low-Medium,High,/services/ai-consulting
progressive web app developer for hire,PWA Development,Transactional,Low,High,/portfolio
ai powered marketing hub setup,Marketing Hubs (PulseMatrix),Commercial,Low,High,/products/pulsematrix
wordpress pwa integration agency,WordPress & Hosting,Commercial,Low,Medium-High,/services/wordpress-pwa
offline capable web app development,PWA Technical,Informational / Commercial,Low,Medium,/blog/pwa-offline-capabilities
custom graphic design web app development,CanvasFlow,Commercial,Low,Medium,/products/canvasflow
digital nutrition app development,PlateIQ,Commercial / Niche,Low,High,/products/plateiq
ai consulting for digital agencies,AI Consulting,B2B,Low,High,/services/ai-consulting
