Keyword,Category,Search Intent,Competition,Priority,Target URL
AI consulting for small business,AI Consulting,Commercial / B2B,Low,High,/products.html
AI business automation consultant,Business Automation,Commercial / B2B,Low,High,/products.html
AI integration consulting services,AI Consulting,Commercial / B2B,Low-Medium,High,/products.html
business technology audit,Business Audits,Commercial / Informational,Low,High,/products.html
small business technology audit,Business Audits,Commercial / Informational,Low,High,/resources.html
business process automation,Automation,Commercial / Informational,Medium,High,/resources.html
workflow automation for small business,Automation,Commercial,Low-Medium,High,/resources.html
Progressive Web App development,PWA Development,Commercial,Medium,High,/products.html
PWA development for small business,PWA Development,Commercial / Transactional,Low,High,/resources.html
custom Progressive Web App developer,PWA Development,Transactional,Low,High,/products.html
Progressive Web App consultant,PWA Development,Commercial,Low,High,/products.html
offline capable web app development,PWA Technical,Informational / Commercial,Low,Medium,/resources.html
PWA business app development,PWA Development,Commercial,Low-Medium,High,/products.html
AI powered business tools,AI Solutions,Commercial,Low-Medium,High,/products.html
AI solutions for small business,AI Solutions,Commercial,Medium,High,/products.html
custom AI web app development,AI Development,Commercial / Transactional,Low-Medium,High,/products.html
custom web app development for small business,Web App Development,Commercial,Medium,High,/products.html
AI marketing automation,Marketing Automation,Commercial,Medium,High,/resources.html
SOP automation,Automation,Commercial / Informational,Low,Medium-High,/resources.html
standard operating procedure automation,Automation,Commercial / Informational,Low,Medium-High,/resources.html
AI strategy for small business,AI Strategy,Informational / Commercial,Low-Medium,High,/resources.html
AI implementation consulting,AI Consulting,Commercial,Low-Medium,High,/products.html
AI productivity tools for business,AI Solutions,Commercial,Medium,Medium-High,/resources.html
Toastid Tech,Brand,Branded,Low,High,/
AI horoscope app,Horoscope & Astrology,Transactional,Low,High,https://auratide.toastidtech.com/
daily horoscope PWA,Horoscope & Astrology,Transactional,Low,High,https://auratide.toastidtech.com/
AI manifestation app,Manifestation & Wellness,Transactional,Low,High,https://auratide.toastidtech.com/
horoscope oracle app,Horoscope & Astrology,Transactional,Low,Medium,https://auratide.toastidtech.com/
personalized astrology readings,Manifestation & Wellness,Commercial,Low,High,https://auratide.toastidtech.com/
AuraTide,Brand,Navigational,Low,High,/products.html
AI SOP builder,SOP & Documentation,Transactional,Low,High,https://sopilot.toastidtech.com/
SOP software for small business,SOP & Documentation,Commercial / Transactional,Low,High,https://sopilot.toastidtech.com/
standard operating procedure generator,SOP & Documentation,Transactional,Low,High,https://sopilot.toastidtech.com/
SOPilot,Brand,Navigational,Low,High,/products.html
AI marketing copy generator,Marketing AI,Transactional,Low,High,https://pulsematrix.toastidtech.com/
AI ad script generator,Marketing AI,Transactional,Low,Medium,https://pulsematrix.toastidtech.com/
scroll-stopping hooks generator,Marketing AI,Transactional,Low,Medium,https://pulsematrix.toastidtech.com/
PulseMatrix,Brand,Navigational,Low,High,/products.html
